group,instruction,opcode,funct3,funct7,npc_op,rf_we,rf_wsel,sext_op,alu_op,alua_sel,alub_sel,is_mul,is_div,ram_rop,ram_wop
demo,addi,0010011,000,-,NPC_PC4,1,WB_ALU,EXT_I,ALU_ADD,ALU_A_RS1,ALU_B_EXT,0,0,RAM_EXT_N,RAM_WE_N
demo,ori,0010011,110,-,NPC_PC4,1,WB_ALU,EXT_I,ALU_OR,ALU_A_RS1,ALU_B_EXT,0,0,RAM_EXT_N,RAM_WE_N
demo,slli,0010011,001,0000000,NPC_PC4,1,WB_ALU,EXT_I,ALU_SLL,ALU_A_RS1,ALU_B_EXT,0,0,RAM_EXT_N,RAM_WE_N
demo,lui,0110111,-,-,NPC_PC4,1,WB_EXT,EXT_U,-,-,-,0,0,RAM_EXT_N,RAM_WE_N
demo,lw,0000011,010,-,NPC_PC4,1,WB_RAM,EXT_I,ALU_ADD,ALU_A_RS1,ALU_B_EXT,0,0,RAM_EXT_W,RAM_WE_N
demo,beq,1100011,000,-,NPC_BRA,0,-,EXT_B,ALU_EQ,ALU_A_RS1,ALU_B_RS2,0,0,RAM_EXT_N,RAM_WE_N
demo,bne,1100011,001,-,NPC_BRA,0,-,EXT_B,ALU_NE,ALU_A_RS1,ALU_B_RS2,0,0,RAM_EXT_N,RAM_WE_N
demo,jal,1101111,-,-,NPC_JMP,1,WB_PC4,EXT_J,-,-,-,0,0,RAM_EXT_N,RAM_WE_N
group_a,sll,0110011,001,0000000,NPC_PC4,1,WB_ALU,-,ALU_SLL,ALU_A_RS1,ALU_B_RS2,0,0,RAM_EXT_N,RAM_WE_N
group_a,srl,0110011,101,0000000,NPC_PC4,1,WB_ALU,-,ALU_SRL,ALU_A_RS1,ALU_B_RS2,0,0,RAM_EXT_N,RAM_WE_N
group_a,srli,0010011,101,0000000,NPC_PC4,1,WB_ALU,EXT_I,ALU_SRL,ALU_A_RS1,ALU_B_EXT,0,0,RAM_EXT_N,RAM_WE_N
group_a,sra,0110011,101,0100000,NPC_PC4,1,WB_ALU,-,ALU_SRA,ALU_A_RS1,ALU_B_RS2,0,0,RAM_EXT_N,RAM_WE_N
group_a,srai,0010011,101,0100000,NPC_PC4,1,WB_ALU,EXT_I,ALU_SRA,ALU_A_RS1,ALU_B_EXT,0,0,RAM_EXT_N,RAM_WE_N
group_a,add,0110011,000,0000000,NPC_PC4,1,WB_ALU,-,ALU_ADD,ALU_A_RS1,ALU_B_RS2,0,0,RAM_EXT_N,RAM_WE_N
group_a,sub,0110011,000,0100000,NPC_PC4,1,WB_ALU,-,ALU_SUB,ALU_A_RS1,ALU_B_RS2,0,0,RAM_EXT_N,RAM_WE_N
group_a,auipc,0010111,-,-,NPC_PC4,1,WB_ALU,EXT_U,ALU_ADD,ALU_A_PC,ALU_B_EXT,0,0,RAM_EXT_N,RAM_WE_N
group_a,xor,0110011,100,0000000,NPC_PC4,1,WB_ALU,-,ALU_XOR,ALU_A_RS1,ALU_B_RS2,0,0,RAM_EXT_N,RAM_WE_N
group_a,xori,0010011,100,-,NPC_PC4,1,WB_ALU,EXT_I,ALU_XOR,ALU_A_RS1,ALU_B_EXT,0,0,RAM_EXT_N,RAM_WE_N
group_a,lb,0000011,000,-,NPC_PC4,1,WB_RAM,EXT_I,ALU_ADD,ALU_A_RS1,ALU_B_EXT,0,0,RAM_EXT_B,RAM_WE_N
group_a,lbu,0000011,100,-,NPC_PC4,1,WB_RAM,EXT_I,ALU_ADD,ALU_A_RS1,ALU_B_EXT,0,0,RAM_EXT_BU,RAM_WE_N
group_a,lh,0000011,001,-,NPC_PC4,1,WB_RAM,EXT_I,ALU_ADD,ALU_A_RS1,ALU_B_EXT,0,0,RAM_EXT_H,RAM_WE_N
group_a,lhu,0000011,101,-,NPC_PC4,1,WB_RAM,EXT_I,ALU_ADD,ALU_A_RS1,ALU_B_EXT,0,0,RAM_EXT_HU,RAM_WE_N
group_a,sw,0100011,010,-,NPC_PC4,0,-,EXT_S,ALU_ADD,ALU_A_RS1,ALU_B_EXT,0,0,RAM_EXT_N,RAM_WE_W
group_a,sb,0100011,000,-,NPC_PC4,0,-,EXT_S,ALU_ADD,ALU_A_RS1,ALU_B_EXT,0,0,RAM_EXT_N,RAM_WE_B
group_a,sh,0100011,001,-,NPC_PC4,0,-,EXT_S,ALU_ADD,ALU_A_RS1,ALU_B_EXT,0,0,RAM_EXT_N,RAM_WE_H
group_a,jalr,1100111,000,-,NPC_JALR,1,WB_PC4,EXT_I,ALU_ADD,ALU_A_RS1,ALU_B_EXT,0,0,RAM_EXT_N,RAM_WE_N
group_b,mul,0110011,000,0000001,NPC_PC4,1,WB_ALU,-,ALU_MUL,ALU_A_RS1,ALU_B_RS2,1,0,RAM_EXT_N,RAM_WE_N
group_b,mulh,0110011,001,0000001,NPC_PC4,1,WB_ALU,-,ALU_MULH,ALU_A_RS1,ALU_B_RS2,1,0,RAM_EXT_N,RAM_WE_N
group_b,mulhu,0110011,011,0000001,NPC_PC4,1,WB_ALU,-,ALU_MULHU,ALU_A_RS1,ALU_B_RS2,1,0,RAM_EXT_N,RAM_WE_N
group_b,div,0110011,100,0000001,,,,,,,,,,,
group_b,divu,0110011,101,0000001,,,,,,,,,,,
group_b,rem,0110011,110,0000001,,,,,,,,,,,
group_b,remu,0110011,111,0000001,,,,,,,,,,,
group_b,slt,0110011,010,0000000,NPC_PC4,1,WB_ALU,-,ALU_SLT,ALU_A_RS1,ALU_B_RS2,0,0,RAM_EXT_N,RAM_WE_N
group_b,slti,0010011,010,-,NPC_PC4,1,WB_ALU,EXT_I,ALU_SLT,ALU_A_RS1,ALU_B_EXT,0,0,RAM_EXT_N,RAM_WE_N
group_b,sltu,0110011,011,0000000,NPC_PC4,1,WB_ALU,-,ALU_SLTU,ALU_A_RS1,ALU_B_RS2,0,0,RAM_EXT_N,RAM_WE_N
group_b,sltiu,0010011,011,-,NPC_PC4,1,WB_ALU,EXT_I,ALU_SLTU,ALU_A_RS1,ALU_B_EXT,0,0,RAM_EXT_N,RAM_WE_N
group_b,or,0110011,110,0000000,NPC_PC4,1,WB_ALU,-,ALU_OR,ALU_A_RS1,ALU_B_RS2,0,0,RAM_EXT_N,RAM_WE_N
group_b,and,0110011,111,0000000,NPC_PC4,1,WB_ALU,-,ALU_AND,ALU_A_RS1,ALU_B_RS2,0,0,RAM_EXT_N,RAM_WE_N
group_b,andi,0010011,111,-,NPC_PC4,1,WB_ALU,EXT_I,ALU_AND,ALU_A_RS1,ALU_B_EXT,0,0,RAM_EXT_N,RAM_WE_N
group_b,blt,1100011,100,-,NPC_BRA,0,-,EXT_B,ALU_SLT,ALU_A_RS1,ALU_B_RS2,0,0,RAM_EXT_N,RAM_WE_N
group_b,bge,1100011,101,-,NPC_BRA,0,-,EXT_B,ALU_GE,ALU_A_RS1,ALU_B_RS2,0,0,RAM_EXT_N,RAM_WE_N
group_b,bltu,1100011,110,-,NPC_BRA,0,-,EXT_B,ALU_SLTU,ALU_A_RS1,ALU_B_RS2,0,0,RAM_EXT_N,RAM_WE_N
group_b,bgeu,1100011,111,-,NPC_BRA,0,-,EXT_B,ALU_GEU,ALU_A_RS1,ALU_B_RS2,0,0,RAM_EXT_N,RAM_WE_N
